{
  "agent": "DemoAgent",
  "generation": 1,
  "fitness": 8238.000000000013,
  "totalSteps": 2000,
  "rewardHistory": [
    322.00000000000006,
    446.0000000000006,
    449.5000000000008,
    425.5000000000007,
    433.5000000000006,
    449.5000000000007,
    458.00000000000074,
    469.00000000000074,
    399.5000000000006,
    368.00000000000045,
    387.50000000000057,
    403.0000000000005,
    389.5000000000007,
    367.0000000000004,
    441.0000000000006,
    422.50000000000074,
    410.0000000000006,
    405.0000000000005,
    368.50000000000034,
    423.5000000000006
  ],
  "explorationRate": 0.1,
  "timestamp": "2025-10-20T19:04:39.373Z"
}